dtype,layout,max_len,actual_len,sequences,bytes_per_seq
fp16,contiguous,8192,256,32,33554432
fp16,paged,8192,256,1024,1048576
fp8_e4m3,paged,8192,256,2048,524288
fp16,contiguous,8192,512,32,33554432
fp16,paged,8192,512,512,2097152
fp8_e4m3,paged,8192,512,1024,1048576
fp16,contiguous,8192,1024,32,33554432
fp16,paged,8192,1024,256,4194304
fp8_e4m3,paged,8192,1024,512,2097152
fp16,contiguous,8192,2048,32,33554432
fp16,paged,8192,2048,128,8388608
fp8_e4m3,paged,8192,2048,256,4194304
fp16,contiguous,8192,4096,32,33554432
fp16,paged,8192,4096,64,16777216
fp8_e4m3,paged,8192,4096,128,8388608
fp16,contiguous,8192,8192,32,33554432
fp16,paged,8192,8192,32,33554432
fp8_e4m3,paged,8192,8192,64,16777216
