gpu,dtype,batch,seq_len,ours_us,flashinfer_us,flashinfer_variant,ours_gbps,ours_pct_peak,ratio,max_abs_diff,max_abs_diff_vs_ref,fp8_err_vs_fp16,fp8_rel_err_vs_fp16
NVIDIA H100 80GB HBM3,fp16,1,16384,39.74,36.21,cuda_cores,1689.0,50.4,0.911,6.10e-05,2.88e-05,nan,nan
NVIDIA H100 80GB HBM3,fp16,1,65536,106.35,103.63,cuda_cores,2524.3,75.3,0.974,1.53e-05,8.88e-06,nan,nan
NVIDIA H100 80GB HBM3,fp16,1,131072,196.43,192.42,tensor_cores,2733.4,81.5,0.980,7.63e-06,5.54e-06,nan,nan
NVIDIA H100 80GB HBM3,fp16,8,4096,60.42,57.55,cuda_cores,2223.9,66.3,0.953,6.10e-05,3.79e-05,nan,nan
NVIDIA H100 80GB HBM3,fp16,8,16384,199.20,192.08,tensor_cores,2696.0,80.4,0.964,3.05e-05,2.13e-05,nan,nan
NVIDIA H100 80GB HBM3,fp16,8,32768,377.50,366.94,tensor_cores,2844.8,84.9,0.972,3.05e-05,nan,nan,nan
NVIDIA H100 80GB HBM3,fp16,32,1024,56.40,56.34,tensor_cores,2389.2,71.3,0.999,1.22e-04,1.09e-04,nan,nan
NVIDIA H100 80GB HBM3,fp16,32,4096,196.90,188.86,tensor_cores,2729.5,81.4,0.959,6.10e-05,4.24e-05,nan,nan
NVIDIA H100 80GB HBM3,fp16,32,8192,375.52,364.70,tensor_cores,2860.9,85.3,0.971,6.10e-05,nan,nan,nan
NVIDIA H100 80GB HBM3,fp16,64,4096,393.31,365.23,tensor_cores,2732.8,81.5,0.929,6.10e-05,nan,nan,nan
NVIDIA H100 80GB HBM3,fp16,128,1024,204.19,188.34,cuda_cores,2639.7,78.7,0.922,1.22e-04,9.09e-05,nan,nan
NVIDIA H100 80GB HBM3,fp16,128,2048,391.09,365.86,cuda_cores,2751.1,82.1,0.935,1.22e-04,nan,nan,nan
NVIDIA H100 80GB HBM3,fp8_e4m3,1,16384,31.60,32.99,tensor_cores,1062.5,31.7,1.044,3.05e-05,1.64e-05,1.92e-03,3.83e-02
NVIDIA H100 80GB HBM3,fp8_e4m3,1,65536,65.42,69.82,tensor_cores,2052.0,61.2,1.067,1.53e-05,8.03e-06,1.17e-03,3.76e-02
NVIDIA H100 80GB HBM3,fp8_e4m3,1,131072,110.45,119.18,tensor_cores,2430.9,72.5,1.079,7.63e-06,5.57e-06,6.58e-04,3.92e-02
NVIDIA H100 80GB HBM3,fp8_e4m3,8,4096,42.22,47.01,tensor_cores,1592.7,47.5,1.113,6.10e-05,5.25e-05,7.57e-03,3.90e-02
NVIDIA H100 80GB HBM3,fp8_e4m3,8,16384,109.31,120.77,tensor_cores,2457.2,73.3,1.105,3.05e-05,1.89e-05,3.10e-03,3.89e-02
NVIDIA H100 80GB HBM3,fp8_e4m3,8,32768,200.35,213.41,tensor_cores,2680.6,80.0,1.065,3.05e-05,nan,1.63e-03,3.86e-02
NVIDIA H100 80GB HBM3,fp8_e4m3,32,1024,42.82,44.69,tensor_cores,1579.8,47.1,1.044,2.44e-04,1.23e-04,2.06e-02,3.83e-02
NVIDIA H100 80GB HBM3,fp8_e4m3,32,4096,109.82,118.27,tensor_cores,2449.3,73.1,1.077,6.10e-05,4.35e-05,5.80e-03,3.85e-02
NVIDIA H100 80GB HBM3,fp8_e4m3,32,8192,200.58,212.67,tensor_cores,2679.6,79.9,1.060,6.10e-05,nan,3.68e-03,3.83e-02
NVIDIA H100 80GB HBM3,fp8_e4m3,64,4096,202.99,214.93,tensor_cores,2650.3,79.1,1.059,6.10e-05,nan,5.77e-03,3.85e-02
NVIDIA H100 80GB HBM3,fp8_e4m3,128,1024,115.84,129.39,tensor_cores,2335.7,69.7,1.117,2.44e-04,9.28e-05,1.62e-02,3.83e-02
NVIDIA H100 80GB HBM3,fp8_e4m3,128,2048,207.14,219.50,tensor_cores,2602.3,77.6,1.060,2.44e-04,nan,1.43e-02,3.85e-02
