NVIDIA H100 80GB HBM3,fp16,32,8192,32,8,128,16,66,321,976.03,1100.7,32.8
NVIDIA H100 80GB HBM3,fp16,32,8192,32,8,128,16,132,386,502.43,2138.3,63.8
NVIDIA H100 80GB HBM3,fp16,32,8192,32,8,128,16,263,516,362.69,2962.1,88.4
NVIDIA H100 80GB HBM3,fp16,32,8192,32,8,128,16,395,647,368.83,2912.8,86.9
NVIDIA H100 80GB HBM3,fp16,32,8192,32,8,128,16,395,647,368.29,2917.1,87.0
NVIDIA H100 80GB HBM3,fp16,128,1024,32,8,128,16,66,1085,526.56,1023.6,30.5
NVIDIA H100 80GB HBM3,fp16,128,1024,32,8,128,16,132,1147,271.01,1988.9,59.3
NVIDIA H100 80GB HBM3,fp16,128,1024,32,8,128,16,261,1268,201.60,2673.6,79.8
NVIDIA H100 80GB HBM3,fp16,128,1024,32,8,128,16,391,1366,203.39,2650.1,79.1
NVIDIA H100 80GB HBM3,fp16,128,1024,32,8,128,16,391,1366,203.36,2650.5,79.1
NVIDIA H100 80GB HBM3,fp8_e4m3,32,8192,32,8,128,16,66,321,606.78,885.8,26.4
NVIDIA H100 80GB HBM3,fp8_e4m3,32,8192,32,8,128,16,132,386,321.57,1671.4,49.9
NVIDIA H100 80GB HBM3,fp8_e4m3,32,8192,32,8,128,16,263,516,208.86,2573.3,76.8
NVIDIA H100 80GB HBM3,fp8_e4m3,32,8192,32,8,128,16,395,647,195.55,2748.4,82.0
NVIDIA H100 80GB HBM3,fp8_e4m3,32,8192,32,8,128,16,395,647,195.71,2746.2,81.9
NVIDIA H100 80GB HBM3,fp8_e4m3,128,1024,32,8,128,16,66,1085,337.12,802.6,23.9
NVIDIA H100 80GB HBM3,fp8_e4m3,128,1024,32,8,128,16,132,1147,178.88,1512.6,45.1
NVIDIA H100 80GB HBM3,fp8_e4m3,128,1024,32,8,128,16,261,1268,122.14,2215.1,66.1
NVIDIA H100 80GB HBM3,fp8_e4m3,128,1024,32,8,128,16,391,1366,111.55,2425.5,72.4
NVIDIA H100 80GB HBM3,fp8_e4m3,128,1024,32,8,128,16,391,1366,111.65,2423.4,72.3
