gpu,dtype,batch,seq_len,hq,hkv,dim,page,ctas,segments,time_us,gbps,pct_peak
NVIDIA H100 80GB HBM3,fp16,1,4096,32,8,128,16,256,256,21.60,777.5,23.2
NVIDIA H100 80GB HBM3,fp16,1,16384,32,8,128,16,256,256,38.91,1725.2,51.5
NVIDIA H100 80GB HBM3,fp16,1,65536,32,8,128,16,256,256,103.71,2588.6,77.2
NVIDIA H100 80GB HBM3,fp16,1,131072,32,8,128,16,261,268,190.72,2815.2,84.0
NVIDIA H100 80GB HBM3,fp16,8,4096,32,8,128,16,256,256,59.04,2275.7,67.9
NVIDIA H100 80GB HBM3,fp16,8,16384,32,8,128,16,261,323,192.67,2787.3,83.1
NVIDIA H100 80GB HBM3,fp16,8,32768,32,8,128,16,263,326,370.24,2900.7,86.5
NVIDIA H100 80GB HBM3,fp16,32,1024,32,8,128,16,256,256,55.36,2434.1,72.6
NVIDIA H100 80GB HBM3,fp16,32,4096,32,8,128,16,261,512,190.59,2819.8,84.1
NVIDIA H100 80GB HBM3,fp16,32,8192,32,8,128,16,263,516,364.42,2948.1,87.9
NVIDIA H100 80GB HBM3,fp16,64,1024,32,8,128,16,256,512,102.24,2636.0,78.6
NVIDIA H100 80GB HBM3,fp16,64,4096,32,8,128,16,263,770,379.23,2834.3,84.5
NVIDIA H100 80GB HBM3,fp16,128,1024,32,8,128,16,261,1268,203.36,2650.5,79.1
NVIDIA H100 80GB HBM3,fp16,128,2048,32,8,128,16,263,1278,376.22,2859.7,85.3
NVIDIA H100 80GB HBM3,fp8_e4m3,1,4096,32,8,128,16,256,256,18.59,452.1,13.5
NVIDIA H100 80GB HBM3,fp8_e4m3,1,16384,32,8,128,16,342,347,31.49,1066.3,31.8
NVIDIA H100 80GB HBM3,fp8_e4m3,1,65536,32,8,128,16,391,398,65.09,2062.6,61.5
NVIDIA H100 80GB HBM3,fp8_e4m3,1,131072,32,8,128,16,391,398,107.74,2491.9,74.3
NVIDIA H100 80GB HBM3,fp8_e4m3,8,4096,32,8,128,16,373,431,41.41,1624.0,48.4
NVIDIA H100 80GB HBM3,fp8_e4m3,8,16384,32,8,128,16,391,451,107.14,2507.1,74.8
NVIDIA H100 80GB HBM3,fp8_e4m3,8,32768,32,8,128,16,395,458,193.70,2772.7,82.7
NVIDIA H100 80GB HBM3,fp8_e4m3,32,1024,32,8,128,16,373,605,42.21,1602.6,47.8
NVIDIA H100 80GB HBM3,fp8_e4m3,32,4096,32,8,128,16,391,634,107.26,2507.8,74.8
NVIDIA H100 80GB HBM3,fp8_e4m3,32,8192,32,8,128,16,395,647,195.94,2743.0,81.8
NVIDIA H100 80GB HBM3,fp8_e4m3,64,1024,32,8,128,16,391,878,65.18,2075.4,61.9
NVIDIA H100 80GB HBM3,fp8_e4m3,64,4096,32,8,128,16,395,900,197.66,2721.7,81.2
NVIDIA H100 80GB HBM3,fp8_e4m3,128,1024,32,8,128,16,391,1366,112.80,2398.6,71.6
NVIDIA H100 80GB HBM3,fp8_e4m3,128,2048,32,8,128,16,395,1406,202.62,2660.3,79.4
